{
  "main": {
    "id": "34dff9924a4dacd3",
    "type": "split",
    "children": [
      {
        "id": "3db3a9c68af0b074",
        "type": "tabs",
        "children": [
          {
            "id": "ad149a45585f1b8c",
            "type": "leaf",
            "state": {
              "type": "markdown",
              "state": {
                "file": "💠 KROMA, AIWARE, & AINIMA/Distillations/Untitled.md",
                "mode": "source",
                "source": false
              }
            }
          }
        ]
      }
    ],
    "direction": "vertical"
  },
  "left": {
    "id": "0d51e336f925fe91",
    "type": "mobile-drawer",
    "children": [
      {
        "id": "0ad134ce815f8d86",
        "type": "leaf",
        "state": {
          "type": "file-explorer",
          "state": {
            "sortOrder": "alphabetical"
          }
        }
      },
      {
        "id": "bb5a4535df083017",
        "type": "leaf",
        "state": {
          "type": "search",
          "state": {
            "query": "",
            "matchingCase": false,
            "explainSearch": false,
            "collapseAll": false,
            "extraContext": false,
            "sortOrder": "alphabetical"
          }
        }
      },
      {
        "id": "5a2fa46945a1a710",
        "type": "leaf",
        "state": {
          "type": "tag",
          "state": {
            "sortOrder": "frequency",
            "useHierarchy": true
          }
        }
      },
      {
        "id": "abdb916205a83de0",
        "type": "leaf",
        "state": {
          "type": "bookmarks",
          "state": {}
        }
      }
    ],
    "currentTab": 0
  },
  "right": {
    "id": "43bbcd678ae06a04",
    "type": "mobile-drawer",
    "children": [
      {
        "id": "87309851cef1cc6b",
        "type": "leaf",
        "state": {
          "type": "backlink",
          "state": {
            "file": "💠 KROMA, AIWARE, & AINIMA/Distillations/Untitled.md",
            "collapseAll": false,
            "extraContext": false,
            "sortOrder": "alphabetical",
            "showSearch": false,
            "searchQuery": "",
            "backlinkCollapsed": false,
            "unlinkedCollapsed": true
          }
        }
      },
      {
        "id": "25ae506f5ae50980",
        "type": "leaf",
        "state": {
          "type": "outgoing-link",
          "state": {
            "file": "💠 KROMA, AIWARE, & AINIMA/Distillations/Untitled.md",
            "linksCollapsed": false,
            "unlinkedCollapsed": true
          }
        }
      },
      {
        "id": "c9d690b3998bcd8f",
        "type": "leaf",
        "state": {
          "type": "outline",
          "state": {
            "file": "💠 KROMA, AIWARE, & AINIMA/Distillations/Untitled.md"
          }
        }
      }
    ],
    "currentTab": 0
  },
  "left-ribbon": {
    "hiddenItems": {
      "switcher:Open quick switcher": false,
      "graph:Open graph view": false,
      "canvas:Create new canvas": false,
      "daily-notes:Open today's daily note": false,
      "templates:Insert template": false,
      "command-palette:Open command palette": false
    }
  },
  "active": "ad149a45585f1b8c",
  "lastOpenFiles": [
    "💠 KROMA, AIWARE, & AINIMA/Distillations/Kroma Post CS based to Unitary Space.md",
    "💠 KROMA, AIWARE, & AINIMA/Distillations/Untitled.md",
    "💠 KROMA, AIWARE, & AINIMA/🔑 Key Emergent AI architecture/Joscha Bach on Agency Definition Dimensions.md",
    "💠 KROMA, AIWARE, & AINIMA/Distillations",
    "💠 KROMA, AIWARE, & AINIMA/🔑 Key Emergent AI architecture/AI as Bio Organism.md",
    "💠 KROMA, AIWARE, & AINIMA/🔑 Key Emergent AI architecture/Agentic entropy and continuity.md",
    "💠 KROMA, AIWARE, & AINIMA.md",
    "💠 KROMA, AIWARE, & AINIMA/❤️‍🔥 Tenets & Architectural Guidance/Human & Scene Driven Appealing to “Citizen Hacking” culture as well as 31337 subculture advanced mode(s).md",
    "💠 KROMA, AIWARE, & AINIMA/❤️‍🔥 Tenets & Architectural Guidance/UI-UX.md",
    "💠 KROMA, AIWARE, & AINIMA/❤️‍🔥 Tenets & Architectural Guidance/Tenets & Architectural Guidance.md",
    "💠 KROMA, AIWARE, & AINIMA/📜 Term References/1. Turing Complete Network- Hypering.md",
    "💠 KROMA, AIWARE, & AINIMA/❤️‍🔥 Tenets & Architectural Guidance/1.. 4 alphanum proprietary semantic symbolic architectural codes.md",
    "💠 KROMA, AIWARE, & AINIMA/☁️ Critical and Emergent Concepts.md"
  ]
}